id,title,description,category,type,link,content
1,The Odin Project: Foundations,A full stack curriculum that is completely free and open source.,Computer Science,external_course,https://www.theodinproject.com/,
2,Coursera: Machine Learning Specialization,Created by Stanford University and DeepLearning.AI. Learn fundamentals of AI.,Computer Science,external_course,https://www.coursera.org/specializations/machine-learning-introduction,
3,edX: CS50 Introduction to Computer Science,Harvard University's introduction to the intellectual enterprises of computer science and the art of programming.,Computer Science,external_course,https://www.edx.org/course/introduction-computer-science-harvardx-cs50x,
4,Coursera: Sustainable Architecture,Learn about green building techniques and eco-friendly urban planning.,Architecture,external_course,https://www.coursera.org/,
5,Career Advice: How to Land Your First Tech Job,A comprehensive guide on resume building networking and interview prep.,Career Advice,internal_article,,"Landing your first job in tech requires more than just knowing how to code. You need to build a strong portfolio showcasing real-world projects. Networking on LinkedIn and attending local tech meetups can dramatically increase your chances. Don't forget to practice data structures and algorithms, but also focus on behavioral questions. Most importantly, don't get discouraged by rejection. Every interview is a learning experience."
6,Digital Marketing Masterclass,SEO content strategy and social media advertising for modern businesses.,Marketing,external_course,https://www.udemy.com/,
7,Odin Project: Ruby on Rails,Learn to build robust backends with Ruby on Rails.,Computer Science,external_course,https://www.theodinproject.com/paths/full-stack-ruby-on-rails,
8,Research Tool: PubMed Central,A free full-text archive of biomedical and life sciences journal literature at the U.S. National Institutes of Health.,Research Tool,external_course,https://www.ncbi.nlm.nih.gov/pmc/,
9,Career Advice: Transitioning to Data Science,Steps and resources for moving from academia to the data science industry.,Career Advice,internal_article,,"Data science is a highly sought-after field. To transition, focus on learning Python, SQL, and data visualization tools like Tableau. Work on Kaggle datasets to build a portfolio. Mathematics and statistics are crucial, so brush up on those fundamentals. Tailor your resume to highlight analytical skills and problem-solving abilities."
10,Coursera: Data Science Fundamentals,Data visualization pandas and statistical analysis in Python.,Data Science,external_course,https://www.coursera.org/,
11,edX: Introduction to Nursing,Fundamentals of clinical practice ethics and patient support.,Healthcare,external_course,https://www.edx.org/,
12,Research Tool: Google Scholar,A broadly accessible search engine that indexes the full text or metadata of scholarly literature.,Research Tool,external_course,https://scholar.google.com/,
13,Game Development with Unity,Building 3D games scripting in C# and level design.,Game Design,external_course,https://learn.unity.com/,
14,Career Advice: Surviving a Coding Bootcamp,Tips on managing stress and maximizing learning during intensive bootcamps.,Career Advice,internal_article,,"Bootcamps are intense. The key to survival is consistent effort and not comparing yourself to others. Take breaks, get enough sleep, and ask for help when you're stuck for more than 30 minutes. Build strong relationships with your cohort; they will be your network after graduation."
15,Marine Biology and Oceanography,Study of ocean ecosystems coral reefs and marine conservation.,Biology,external_course,https://www.coursera.org/,
16,Research Article: The Future of Quantum Computing,An overview of quantum algorithms and their potential impact on cryptography and medicine.,Science,internal_article,,"Quantum computing leverages the principles of quantum mechanics to process information. Unlike classical bits, qubits can exist in multiple states simultaneously (superposition). This allows quantum computers to solve complex problems, like factoring large prime numbers or simulating molecular structures, exponentially faster than traditional supercomputers. However, maintaining qubit stability (coherence) remains a significant engineering challenge."
17,Career Advice: Building a Professional Portfolio,How to showcase your work effectively to potential employers.,Career Advice,internal_article,,"A strong portfolio is often more valuable than a resume. Don't just list projects; explain your thought process. For each project, outline the problem, the technologies you chose, and the specific challenges you overcame. Host your code on GitHub and deploy live demos if possible. A well-documented README file shows employers that you care about communication and maintainability."
18,Study Guide: Mastering Calculus,Tips and tricks for understanding derivatives and integrals.,Mathematics,internal_article,,"Calculus is the mathematics of change. To master it, don't just memorize formulas—focus on visual intuition. A derivative is just a slope of a curve at a point, representing a rate of change. An integral is just the area under a curve, representing accumulation. Practice sketching graphs and linking the algebraic equations to their geometric representations."
19,Career Advice: Navigating Corporate Culture,Understanding workplace dynamics and advancing your career.,Career Advice,internal_article,,"Success in a corporate environment requires high emotional intelligence. Observe how decisions are made in your organization. Build relationships across different departments, not just within your own team. When presenting problems to your manager, always come prepared with at least one proposed solution. Most importantly, learn to communicate your accomplishments without arrogance."
20,Research Article: Ethics in Artificial Intelligence,Exploring bias accountability and transparency in machine learning models.,Technology,internal_article,,"As AI systems increasingly influence hiring, lending, and law enforcement, algorithmic bias has become a critical issue. Machine learning models inherit the biases present in their training data. Ensuring fairness requires diverse data sets, transparent decision-making processes, and continuous auditing. The field of Explainable AI (XAI) is working to make these 'black box' models more understandable to humans."
